Metric,Classic ML,Neural Network,Difference,Better
Precision,0.13780918727915195,0.13815789473684212,0.00034870745769016764,Neural Network
Recall,0.78,0.84,0.05999999999999994,Neural Network
F1,0.23423423423423423,0.23728813559322035,0.0030539013589861164,Neural Network
ROC-AUC,0.8257233368532207,0.8353326293558606,0.009609292502639866,Neural Network
PR-AUC,0.14595680381622658,0.16362913789539707,0.017672334079170488,Neural Network
False negatives,11,8,-3,Neural Network
False positives,244,262,18,Classic ML
True positives,39,42,3,Neural Network
True negatives,703,685,-18,Classic ML
